{
    "Stash House (Altruists)": {
        "coords": [
            {
                "x": 850.156311,
                "y": -2999.41699,
                "z": -48.999855
            }
        ]
    },
    "Stash House (Armenian Mob)": {
        "coords": [
            {
                "x": 851.185364,
                "y": -2999.72803,
                "z": -48.9998856
            }
        ]
    },
    "Stash House (Ballas #1)": {
        "coords": [
            {
                "x": 849.846802,
                "y": -3001.01343,
                "z": -48.9998512
            }
        ]
    },
    "Stash House (Ballas #2)": {
        "coords": [
            {
                "x": 848.629089,
                "y": -3000.3064,
                "z": -48.9998474
            }
        ]
    },
    "Stash House (Families)": {
        "coords": [
            {
                "x": 850.90094,
                "y": -3000.53906,
                "z": -48.9998512
            }
        ]
    },
    "Stash House (Hippies #1)": {
        "coords": [
            {
                "x": 846.815613,
                "y": -3001.52515,
                "z": -48.9998474
            }
        ]
    },
    "Stash House (Hippies #2)": {
        "coords": [
            {
                "x": 852.421753,
                "y": -2997.87793,
                "z": -48.9998817
            }
        ]
    },
    "Stash House (Kkangpae)": {
        "coords": [
            {
                "x": 849.839783,
                "y": -2999.52832,
                "z": -48.9998894
            }
        ]

    }
}
